<?xml version="1.0" encoding="UTF-8" standalone="yes"?>
<addon id="plugin.video.thuan.tv"
       name="[COLOR lime]T[COLOR red]h[COLOR gold]u[COLOR white]ậ[COLOR rose]n[COLOR fuchsia]T[COLOR khaki]V[COLOR yellow][/COLOR]"
       version="[COLOR pink]1.0.0[/COLOR]"
       provider-name="[COLOR fuchsia]Nguyễn [COLOR lime]Đức [COLOR khaki]Thuận[/COLOR]">
  <requires>
    <import addon="xbmc.python" version="2.1.0"/>
  </requires>
  <extension point="xbmc.python.pluginsource" library="addon.py">
    <provides>video</provides>
  </extension>
  <extension point="xbmc.addon.metadata">
    <summary lang="en">[COLOR fuchsia]Nguyễn [COLOR orange]Đức [COLOR tomato]Thuận [COLOR lime]86[/COLOR]</summary>
    <description lang="en">[COLOR lime][B]Addon Entertainment được Nguyễn Đức Thuận viết,đây là addon mã nguồn mở,mọi người có quyền dùng mã nguồn này để tự viết addon của riêng mình.[/B][/COLOR]</description>
    <disclaimer lang="en">Hy vọng mọi người có thể dùng mã nguồn này để có thể tự viết addon đơn giản nhất mà ai cũng có thể làm được.GOOD LUCK!</disclaimer>
    <language>en</language>
    <platform>all</platform>
    <website>http://SimpleKodi.com</website>
    <email>SimpleKodi@hotmail.com</email>
  </extension>
</addon>
