<?xml version="1.0" encoding="UTF-8" standalone="yes"?>
<addon id="repository.thuan" name="[COLOR lime]T[COLOR khaki]h[COLOR fuchsia]u[COLOR pink]ậ[COLOR tomato]n [COLOR yellow]Repository[/COLOR]" version="[COLOR pink]1.[COLOR rose]0.[COLOR lime]0[/COLOR]" provider-name="[COLOR fuchsia]Nguyễn [COLOR lime]Đức [COLOR khaki]Thuận[/COLOR]">
	<extension point="xbmc.addon.repository" name="Thuận Addon Repository">
		<info compressed="false">https://raw.github.com/thuancp86/ducthuan/master/addons.xml</info>
		<checksum>https://raw.github.com/thuancp86/ducthuan/master/addons.xml.md5</checksum>
		<datadir zip="true">https://github.com/thuancp86/ducthuan/raw/master/zips</datadir>
	</extension>
	<extension point="xbmc.addon.metadata">
		<summary>[COLOR fuchsia]Nguyễn [COLOR orange]Đức [COLOR tomato]Thuận [COLOR lime]86[/COLOR]</summary>
		<description>[COLOR lime]Addon được tổng hợp từ nhiều nguồn khác nhau trên internet,đây là addon giải trí tổng hợp.[/COLOR]</description>
		<disclaimer lang="en">Hy vọng addon này có thể giúp mọi người có những giây phút thư giãn tuyệt vời bên gia đình và người thân.GOOD LUCK!</disclaimer>
		<platform>all</platform>
	</extension>
</addon>