<?xml version="1.0" encoding="UTF-8" standalone="yes"?>
<addon id="repository.thuan" name="Thuan Repository" version="1.0.0" provider-name="podgod-clone">
	<extension point="xbmc.addon.repository" name="vietcCloud Addon Repository">
		<info compressed="false">https://raw.github.com/thuancp86/ducthuan/master/addons.xml</info>
		<checksum>https://raw.github.com/thuancp86/ducthuan/master/addons.xml.md5</checksum>
		<datadir zip="true">https://github.com/thuancp86/ducthuan/raw/master/zips</datadir>
	</extension>
	<extension point="xbmc.addon.metadata">
		<summary>Kodi repository</summary>
		<description>Repository for Kodi</description>
		<platform>all</platform>
	</extension>
</addon>